[
    {
        "func": "navEvent.newFile",
        "global": 1,
        "bindKey": {
            "mac": "Cmd-N",
            "win": "Ctrl-n"
        },
        "system": true
    },
    {
        "func": "navEvent.openFile",
        "global": 1,
        "bindKey": {
            "mac": "Cmd-o",
            "win": "Ctrl-o"
        },
        "system": true
    },
    {
        "func": "navEvent.openProject",
        "global": 1,
        "bindKey": {
            "mac": "Shift-Cmd-o",
            "win": "Shift-Cmd-o"
        },
        "system": true
    },
    {
        "func": "navEvent.saveFile",
        "bindKey": {
            "mac": "Cmd-s",
            "win": "Ctrl-s"
        },
        "system": true
    },
    {
        "func": "navEvent.saveAsFile",
        "bindKey": {
            "mac": "Shift-Cmd-s",
            "win": "Shift-Ctrl-s"
        },
        "system": true
    },
    {
        "func": "editorEvent.zoomOut",
        "bindKey": {
            "mac": "Shift-Cmd--",
            "win": "Shift-Ctrl--"
        },
        "system": true
    },
    {
        "func": "editorEvent.zoomIn",
        "bindKey": {
            "mac": "Shift-Cmd-=",
            "win": "Shift-Ctrl-="
        },
        "system": true
    },
    {
        "desc": "setting",
        "func": "showSettingsMenu",
        "close": 0,
        "default": 1,
        "hidden": 1,
        "bindKey": {
            "mac": "",
            "win": ""
        },
        "system": true
    },
    {
        "func": "gotoline",
        "global": 1,
        "default": 1,
        "bindKey": {
            "win": "Ctrl-l",
            "mac": "Cmd-l"
        },
        "system": true
    },
    {
        "func": "removeline",
        "default": 1,
        "bindKey": {
            "win": "Ctrl-d",
            "mac": "Cmd-d"
        },
        "system": true
    },
    {
        "func": "duplicateSelection",
        "default": 1,
        "bindKey": {
            "win": "Ctrl-Shift-d",
            "mac": "Cmd-Shift-d"
        },
        "system": true
    },
    {
        "func": "addCursorAbove",
        "default": 1,
        "bindKey": {
            "win": "Ctrl-Alt-Up",
            "mac": "Ctrl-Option-Up"
        },
        "system": true
    },
    {
        "func": "addCursorBelow",
        "default": 1,
        "bindKey": {
            "win": "Ctrl-Alt-Down",
            "mac": "Ctrl-Alt-Down"
        },
        "system": true
    },
    {
        "func": "copylinesdown",
        "default": 1,
        "bindKey": {
            "win": "Alt-Shift-Down",
            "mac": "Cmd-Option-Down"
        },
        "system": true
    },
    {
        "func": "copylinesup",
        "default": 1,
        "bindKey": {
            "win": "Alt-Shift-Up",
            "mac": "Cmd-Option-Up"
        },
        "system": true
    },
    {
        "func": "expandToMatching",
        "default": 1,
        "bindKey": {
            "win": "Ctrl-Shift-m",
            "mac": "Ctrl-Shift-m"
        },
        "system": true
    },
    {
        "func": "goToNextError",
        "default": 1,
        "bindKey": {
            "win": "Alt-E",
            "mac": "Ctrl-e"
        },
        "system": true
    },
    {
        "func": "goToPreviousError",
        "default": 1,
        "bindKey": {
            "win": "Alt-Shift-E",
            "mac": "Ctrl-Shift-e"
        },
        "system": true
    },
    {
        "func": "gotoend",
        "default": 1,
        "bindKey": {
            "win": "Ctrl-End",
            "mac": "Cmd-Down"
        },
        "system": true
    },
    {
        "func": "gotostart",
        "default": 1,
        "bindKey": {
            "win": "Ctrl-Home",
            "mac": "Cmd-Up"
        },
        "system": true
    },
    {
        "func": "gotolineend",
        "default": 1,
        "bindKey": {
            "win": "Alt-Right",
            "mac": "Cmd-Right"
        },
        "system": true
    },
    {
        "func": "gotolinestart",
        "default": 1,
        "bindKey": {
            "win": "Alt-Left",
            "mac": "Cmd-Left"
        },
        "system": true
    },
    {
        "func": "modifyNumberDown",
        "default": 1,
        "bindKey": {
            "win": "Ctrl-Shift-Down",
            "mac": "Alt-Shift-Down"
        },
        "system": true
    },
    {
        "func": "modifyNumberUp",
        "default": 1,
        "bindKey": {
            "win": "Ctrl-Shift-Up",
            "mac": "Alt-Shift-Up"
        },
        "system": true
    },
    {
        "func": "movelinesdown",
        "default": 1,
        "bindKey": {
            "win": "Alt-Down",
            "mac": "Option-Down"
        },
        "system": true
    },
    {
        "func": "movelinesup",
        "default": 1,
        "bindKey": {
            "win": "Alt-Up",
            "mac": "Option-Up"
        },
        "system": true
    },
    {
        "func": "tolowercase",
        "default": 1,
        "bindKey": {
            "win": "Ctrl-Shift-U",
            "mac": "Ctrl-Shift-u"
        },
        "system": true
    },
    {
        "func": "touppercase",
        "default": 1,
        "bindKey": {
            "win": "Ctrl-U",
            "mac": "Ctrl-u"
        },
        "system": true
    },
    {
        "func": "fold",
        "default": 1,
        "bindKey": {
            "win": "Alt-L",
            "mac": "Cmd-Alt-l"
        },
        "system": true
    },
    {
        "func": "foldall",
        "default": 1,
        "bindKey": {
            "win": "Ctrl-Alt-0",
            "mac": "Ctrl-Cmd-Option-0"
        },
        "system": true
    },
    {
        "func": "unfoldall",
        "default": 1,
        "bindKey": {
            "win": "Alt-Shift-0",
            "mac": "Cmd-Option-Shift-0"
        },
        "system": true
    },
    {
        "func": "navEvent.findInFile",
        "global": 1,
        "bindKey": {
            "win": "Ctrl-f",
            "mac": "Cmd-f"
        },
        "system": true
    },
    {
        "func": "findnext",
        "default": 1,
        "bindKey": {
            "win": "Ctrl-K",
            "mac": "Cmd-g"
        },
        "system": true
    },
    {
        "func": "findprevious",
        "default": 1,
        "bindKey": {
            "win": "Ctrl-Shift-K",
            "mac": "Cmd-Shift-g"
        },
        "system": true
    },
    {
        "func": "findAll",
        "default": 1,
        "bindKey": {
            "win": "Ctrl-Alt-K",
            "mac": "Ctrl-Alt-g"
        },
        "system": true
    },
    {
        "func": "navEvent.findInProject",
        "global": 1,
        "bindKey": {
            "win": "Ctrl-Shift-f",
            "mac": "Ctrl-h"
        },
        "system": true
    },
    {
        "func": "navEvent.findFiles",
        "global": 1,
        "bindKey": {
            "win": "Ctrl-p",
            "mac": "Cmd-p"
        },
        "system": true
    },
    {
        "func": "navEvent.replaceInFile",
        "global": 1,
        "bindKey": {
            "win": "Ctrl-h",
            "mac": "Option-Cmd-f"
        },
        "system": true
    },
    {
        "func": "togglecomment",
        "default": 1,
        "bindKey": {
            "win": "Ctrl-/",
            "mac": "Cmd-/"
        },
        "system": true
    },
    {
        "func": "toggleBlockComment",
        "default": 1,
        "bindKey": {
            "win": "Ctrl-Shift-/",
            "mac": "Shift-Cmd-/"
        },
        "system": true
    }
]